cluster,Receipt,SO,Qty,Discount,Sales,Cost,Profit
0,67076.13745019921,67070.13745019921,3.689081225033289,0.0,125.62643808255659,51.12910119840213,32.523541944074566
1,68091.35756385069,68085.35756385069,3.687418086500655,0.0002621231979030144,130.91722149410222,52.69669069462647,33.17179554390564
2,66616.0,66610.0,1.0,0.0,12544.0,7000.0,5544.0
3,67641.99681528662,67635.99681528662,12.52547770700637,0.2,255.8226751592357,46.58490445859873,36.826337579617835
4,67452.38461538461,67446.38461538461,4.743589743589744,0.046153846153846156,1653.1289743589743,798.5512820512821,848.9366666666666
5,67362.5,67356.5,99.95,0.04,870.825,9.269499999999999,197.19549999999998
